{
    "mel": 0.45,
    "lyrics": 0.1,
    "mfcc": 0.30000000000000004,
    "plp": 0.0,
    "cqt": 0.15000000000000002,
    "chrm": 0.0
}